{
    "mode": "sr",
    "use_cl": true,
    "gpu_ids": [0],
    "num_epochs": 100,
    "scale": 3,
    "is_train": true,
    "use_chop": true,
    "rgb_range": 255,
    "self_ensemble": false,
    "save_image": false,
    "record_dir": "F:\\zc\\Cycle-RCAN\\RCAN_epochs_PROBA\\record",

    "datasets": {
        "train": {
            "mode": "LRHR",
            "dataroot_HR": "D:\\毕业设计\\在家\\计划和记录文档\\分辨率影响研究\\PROBANIR\\val\\HR",
            "dataroot_LR": "D:\\毕业设计\\在家\\计划和记录文档\\分辨率影响研究\\PROBANIR\\val\\LRBI",
            "data_type": "img",
            "n_workers": 4,
            "batch_size": 1,
            "LR_size": 64,
            "use_flip": true,
            "use_rot": true,
            "noise": "."
        },
        "val": {
            "mode": "LRHR",
            "dataroot_HR": "D:\\毕业设计\\在家\\计划和记录文档\\分辨率影响研究\\PROBANIR\\val\\HR",
            "dataroot_LR": "D:\\毕业设计\\在家\\计划和记录文档\\分辨率影响研究\\PROBANIR\\val\\LRBI",
            "data_type": "img"
        }

    }



}