{
    "mode": "sr",
    "use_cl": true,
    "gpu_ids": [0],
    "num_epochs": 100,
    "scale": 3,
    "is_train": true,
    "use_chop": true,
    "rgb_range": 255,
    "self_ensemble": false,
    "save_image": false,

    "datasets": {
        "train": {
            "mode": "LRHR",
            "dataroot_HR": "/media/disk2/zc/infrared_1132/DIV2K_train_HR_aug/x3",
            "dataroot_LR": "/media/disk2/zc/infrared_1132/DIV2K_train_LR_aug/x3",
            "data_type": "img",
            "n_workers": 4,
            "batch_size": 16,
            "LR_size": 64,
            "use_flip": true,
            "use_rot": true,
            "noise": "."
        }

    }



}
