{
    "mode": "sr",
    "use_cl": true,
    "gpu_ids": [2],
    "num_epochs": 100,
    "scale": 3,
    "is_train": true,
    "use_chop": true,
    "rgb_range": 255,
    "self_ensemble": false,
    "save_image": false,

    "datasets": {
        "train": {
            "mode": "LRHRBI",
            "dataroot_HR": "/media/disk2/zc/unsupervise_data/train/HR",
            "dataroot_LR": "/media/disk2/zc/unsupervise_data/train/LR",
            "dataroot_LRBI": "/media/disk2/zc/unsupervise_data/train/LRBI",
            "data_type": "img",
            "n_workers": 4,
            "batch_size": 16,
            "LR_size": 64,
            "use_flip": true,
            "use_rot": true,
            "noise": "."
        }

    }



}